{
"pixelmon.music.battle.wild": {
    "category": "music",
    "sounds": [
      {
        "name": "pixelmon:music/battle_wild_bnw",
        "stream": true
      }
    ]
  },
  "pixelmon.music.battle.legendary": {
    "category": "music",
    "sounds": [
      {
        "name": "pixelmon:music/battle_legendary_bnw",
        "stream": true
      }
    ]
  },

  "pixelmon.music.battle.trainer": {
    "category": "music",
    "sounds": [
      {
        "name": "pixelmon:music/battle_trainer_bnw",
        "stream": true
      }
    ]
  },
  "pixelmon.music.battle.player": {
    "category": "music",
    "sounds": [
      {
        "name": "pixelmon:music/battle_player_bnw",
        "stream": true
      }
    ]
  },
  "pixelmon.music.battle.gym": {
    "category": "music",
    "sounds": [
      {
        "name": "pixelmon:music/battle_gym_bnw",
        "stream": true
      }
    ]
  },
  "pixelmon.music.battle.boss": {
    "category": "music",
    "sounds": [
      {
        "name": "pixelmon:music/battle_boss_bnw",
        "stream": true
      }
    ]
  },
  "pixelmon.music.battle.raid": {
    "category": "music",
    "sounds": [
      {
        "name": "pixelmon:music/battle_raid_sns",
        "stream": true
      }
    ]
  },
  "pixelmon.music.pokecenter": {
    "category": "music",
    "replace": true,
    "sounds": [
      {
        "name": "pixelmon:music/pokecenter_bnw",
        "stream": true
      }
    ]
  }

}